{
  "point_estimates": {
    "CPPOPID_BAFS_Learned_Budget50pct": [
      16.20879000655,
      16.20879000655,
      16.372661684599997
    ],
    "CPPOPID_BAFS_Learned_Budget80pct": [
      15.68383085165,
      15.68383085165,
      15.718260396
    ],
    "PPO_AllObs_Learned": [
      9.3930348883,
      9.3930348883,
      8.228418469500001
    ],
    "PPO_BAFS_Random": [
      1.4334083921,
      1.4334083921,
      1.0901132815
    ],
    "PPO_BAFS_Learned": [
      18.92439620845,
      18.92439620845,
      19.249073536
    ],
    "PPOLag_BAFS_Learned_Budget50pct": [
      20.16205892065,
      20.16205892065,
      19.76981294
    ],
    "PPOLag_BAFS_Learned_Budget80pct": [
      20.7028341645,
      20.7028341645,
      19.597683063999998
    ]
  },
  "interval_estimates": {
    "CPPOPID_BAFS_Learned_Budget50pct": [
      [
        13.2916269483325,
        13.2916269483325,
        12.966354443265
      ],
      [
        19.435534713136246,
        19.435534713136246,
        21.1714389459625
      ]
    ],
    "CPPOPID_BAFS_Learned_Budget80pct": [
      [
        14.2916890427375,
        14.2916890427375,
        14.073562754689997
      ],
      [
        17.056399999315,
        17.056399999315,
        17.410413568624996
      ]
    ],
    "PPO_AllObs_Learned": [
      [
        7.426545401387501,
        7.426545401387501,
        6.24270501325
      ],
      [
        11.540632627811247,
        11.540632627811247,
        10.867163756249994
      ]
    ],
    "PPO_BAFS_Random": [
      [
        1.0589327553899999,
        1.0589327553899999,
        0.9083948540674999
      ],
      [
        1.9320764411099993,
        1.9320764411099993,
        1.4330266487724999
      ]
    ],
    "PPO_BAFS_Learned": [
      [
        16.618011469282504,
        16.618011469282504,
        16.94886444521
      ],
      [
        21.429049876121244,
        21.429049876121244,
        21.450633712025
      ]
    ],
    "PPOLag_BAFS_Learned_Budget50pct": [
      [
        17.443113213925006,
        17.443113213925006,
        16.1129304006
      ],
      [
        22.884258661312497,
        22.884258661312497,
        23.147892388675
      ]
    ],
    "PPOLag_BAFS_Learned_Budget80pct": [
      [
        18.4677401294625,
        18.4677401294625,
        17.791062399250002
      ],
      [
        23.406139388187498,
        23.406139388187498,
        22.502237435449995
      ]
    ]
  }
}