{
  "point_estimates": {
    "CPPOPID_BAFS_Learned_Budget50pct": [
      409.986,
      409.986,
      457.188
    ],
    "CPPOPID_BAFS_Learned_Budget80pct": [
      756.0699999999999,
      756.0699999999999,
      764.916
    ],
    "PPO_AllObs_Learned": [
      1500.0,
      1500.0,
      1500.0
    ],
    "PPO_BAFS_Random": [
      750.198,
      750.198,
      750.338
    ],
    "PPO_BAFS_Learned": [
      796.4580000000001,
      796.4580000000001,
      762.0960000000001
    ],
    "PPOLag_BAFS_Learned_Budget50pct": [
      600.375,
      600.375,
      606.082
    ],
    "PPOLag_BAFS_Learned_Budget80pct": [
      765.26,
      765.26,
      799.99
    ]
  },
  "interval_estimates": {
    "CPPOPID_BAFS_Learned_Budget50pct": [
      [
        322.25575,
        322.25575,
        328.29530000000005
      ],
      [
        496.879175,
        496.879175,
        524.8538500000001
      ]
    ],
    "CPPOPID_BAFS_Learned_Budget80pct": [
      [
        699.92415,
        699.92415,
        692.9397
      ],
      [
        812.027825,
        812.027825,
        817.7443000000001
      ]
    ],
    "PPO_AllObs_Learned": [
      [
        1500.0,
        1500.0,
        1500.0
      ],
      [
        1500.0,
        1500.0,
        1500.0
      ]
    ],
    "PPO_BAFS_Random": [
      [
        749.2418749999999,
        749.2418749999999,
        748.8340000000001
      ],
      [
        751.15,
        751.15,
        751.6261
      ]
    ],
    "PPO_BAFS_Learned": [
      [
        714.739575,
        714.739575,
        704.83945
      ],
      [
        875.428175,
        875.428175,
        853.7123
      ]
    ],
    "PPOLag_BAFS_Learned_Budget50pct": [
      [
        536.9060249999999,
        536.9060249999999,
        533.2943499999999
      ],
      [
        661.9031249999998,
        661.9031249999998,
        687.0489999999999
      ]
    ],
    "PPOLag_BAFS_Learned_Budget80pct": [
      [
        701.8056250000001,
        701.8056250000001,
        710.44065
      ],
      [
        826.5061249999999,
        826.5061249999999,
        854.9418999999999
      ]
    ]
  }
}