{
  "point_estimates": {
    "CPPOPID_BAFS_Learned_Budget50pct": [
      0.9478221072316455,
      3.6351170967392847,
      10.8590170405406,
      9.195085842480648,
      11.41492100093329,
      12.3166576800228,
      13.458946154111327,
      13.42540115759991,
      13.891797912473418,
      14.173483816273082,
      16.706841909314267,
      15.261553293041866,
      17.600434296061284,
      18.500069506483385,
      18.47799964725726,
      21.95108743376738,
      23.74504095683339,
      22.02595712749661,
      25.58823484947901
    ],
    "CPPOPID_BAFS_Learned_Budget80pct": [
      10.532448952384023,
      12.047869495979464,
      15.254335387452347,
      14.299299125463628,
      14.200379227900484,
      14.357113420880427,
      14.87845904353141,
      14.735226129814546,
      15.424023726669116,
      15.533694552819792,
      17.0809150731302,
      16.73009033730366,
      16.60987871219831,
      18.134225085131174,
      17.231877788834197,
      17.360941787290034,
      17.99333745504955,
      20.842547597281392,
      20.602666700748014
    ],
    "PPO_AllObs_Learned": [
      9.381455461925212,
      8.864178144444558,
      8.760684894215856,
      7.453588946031255,
      7.507912205785461,
      7.891372294229171,
      8.14363543205553,
      8.232385969759259,
      8.037041920282956,
      8.832987275868064,
      8.010208182369727,
      8.4901770498871,
      7.8749370481223,
      9.085048070293672,
      8.485400685385255,
      8.238905402992895,
      8.220682288980662,
      8.39971054290324,
      8.277437830041965
    ],
    "PPO_BAFS_Random": [
      1.19030675409697,
      1.1610873803736639,
      1.1857553772082443,
      1.4105641301311387,
      1.076979623666954,
      1.1668048347223843,
      1.0827883487606502,
      1.148556820604725,
      1.2297830209014078,
      1.103937260582974,
      1.1420193943886643,
      1.2018088075496984,
      1.1636450208767246,
      1.1370019657835362,
      1.29769467643249,
      1.0099807071591491,
      1.1916124109355233,
      1.0953059824312796,
      1.158437326911659
    ],
    "PPO_BAFS_Learned": [
      11.450110182121914,
      12.329608845613675,
      17.849494216372506,
      18.086543554967506,
      17.53516964230995,
      17.874650436925208,
      19.79183710019117,
      20.137698004631424,
      20.504537157707574,
      19.078046681823338,
      22.143873069796808,
      18.90864908405902,
      19.376220357459744,
      21.019133075609666,
      23.091849186510473,
      24.503754633832564,
      25.213842673021468,
      23.999836245129096,
      27.338074566373585
    ],
    "PPOLag_BAFS_Learned_Budget50pct": [
      4.077865393090191,
      8.667290127616111,
      8.326475899124189,
      8.813357129840103,
      12.695873127358473,
      14.591606707999546,
      15.892514820590936,
      16.358639154769453,
      17.00388251526635,
      16.027686803831138,
      19.7242790829846,
      18.054333332436112,
      18.747127842746842,
      20.960225857375605,
      22.468881584282492,
      23.70649540503796,
      25.976341183813588,
      25.688762006067087,
      25.818536085052436
    ],
    "PPOLag_BAFS_Learned_Budget80pct": [
      11.738802134607173,
      14.024885912157828,
      16.21599968036172,
      15.742735419660335,
      15.743397442170352,
      17.629946312090308,
      16.1716980609038,
      18.79959483258366,
      18.531103372755613,
      19.290695100727298,
      18.41839277893692,
      22.082974937373667,
      22.691511474684567,
      23.398197289113153,
      23.729386277565617,
      23.535488791157906,
      25.64166904678291,
      25.973359683631998,
      25.355069733964946
    ]
  },
  "interval_estimates": {
    "CPPOPID_BAFS_Learned_Budget50pct": [
      [
        0.9039796747102874,
        0.9766062699449377
      ],
      [
        0.9807497467509959,
        9.852075075094799
      ],
      [
        2.625990754894944,
        21.113086173182445
      ],
      [
        2.311241512405359,
        17.51078647384858
      ],
      [
        5.0099412050255765,
        18.290216299376173
      ],
      [
        5.614972848158512,
        18.294060405290644
      ],
      [
        7.31096943044331,
        19.16012629244441
      ],
      [
        7.812271787286417,
        18.465115385458084
      ],
      [
        8.13957083026376,
        19.806175635613883
      ],
      [
        7.765092761690353,
        20.496672583062523
      ],
      [
        8.987261143214035,
        23.617793405750778
      ],
      [
        8.570129458317021,
        21.178127838894508
      ],
      [
        9.583289381191124,
        23.859615260453133
      ],
      [
        11.712083195955937,
        23.327904749083025
      ],
      [
        12.139321948287627,
        22.668260030965754
      ],
      [
        15.026860962815581,
        26.452747469300146
      ],
      [
        16.07838724290753,
        28.471591310303953
      ],
      [
        14.775368945586354,
        28.400908499862698
      ],
      [
        16.62190534718715,
        32.87184338177395
      ]
    ],
    "CPPOPID_BAFS_Learned_Budget80pct": [
      [
        9.11242172727781,
        11.564848273250794
      ],
      [
        9.43683729793897,
        15.964367274303541
      ],
      [
        10.709489805473629,
        20.866842627246946
      ],
      [
        9.60209611310453,
        19.266959276716303
      ],
      [
        9.655409083006283,
        19.285682524564756
      ],
      [
        9.68594752223919,
        20.02020682751544
      ],
      [
        9.849060596792787,
        20.079261843978443
      ],
      [
        9.557023815991867,
        21.14085702725988
      ],
      [
        10.325712367170214,
        20.50753251701567
      ],
      [
        10.573078736590507,
        20.9364882425001
      ],
      [
        12.215506760332902,
        22.279662596084385
      ],
      [
        11.69168845740048,
        21.738966732185308
      ],
      [
        12.856077812989549,
        20.394013502171603
      ],
      [
        12.929219615031753,
        23.11775552339079
      ],
      [
        12.465134049367656,
        22.423783423419824
      ],
      [
        12.620583404427144,
        22.740485942485417
      ],
      [
        12.052930250245868,
        24.293642979570684
      ],
      [
        15.119338587280081,
        27.51517375597244
      ],
      [
        16.096739268173888,
        26.01911641022137
      ]
    ],
    "PPO_AllObs_Learned": [
      [
        6.361925097704989,
        12.826195550012025
      ],
      [
        6.113722217921018,
        12.189580593259075
      ],
      [
        5.554949559704596,
        11.743406051294143
      ],
      [
        5.00368620520207,
        10.828482349880586
      ],
      [
        5.437222672141356,
        11.127393156020778
      ],
      [
        5.225099126129828,
        11.105169091020432
      ],
      [
        5.744488176157747,
        11.822425135139117
      ],
      [
        5.996715728414729,
        12.110297552113126
      ],
      [
        5.92400034085956,
        11.231031715316458
      ],
      [
        5.855952254696485,
        11.74383509862556
      ],
      [
        5.195034181631895,
        12.424258132391977
      ],
      [
        5.341566565162546,
        13.934088043460891
      ],
      [
        5.031336796108425,
        12.508448729026071
      ],
      [
        5.929953306228136,
        13.59116372776058
      ],
      [
        5.193776364482258,
        13.421376606514478
      ],
      [
        4.933371738164142,
        13.077145808387986
      ],
      [
        5.254776404143136,
        12.480026510662102
      ],
      [
        4.780164560790953,
        13.43787573410804
      ],
      [
        5.248251911774981,
        12.479749226806478
      ]
    ],