{
  "point_estimates": {
    "CPPOPID_BAFS_Learned_Budget50pct": [
      0.9478221072316455,
      3.6351170967392847,
      10.8590170405406,
      9.195085842480648,
      11.41492100093329,
      12.3166576800228,
      13.458946154111327,
      13.42540115759991,
      13.891797912473418,
      14.173483816273082,
      16.706841909314267,
      15.261553293041866,
      17.600434296061284,
      18.500069506483385,
      18.47799964725726,
      21.95108743376738,
      23.74504095683339,
      22.02595712749661,
      25.58823484947901
    ],
    "CPPOPID_BAFS_Learned_Budget80pct": [
      10.532448952384023,
      12.047869495979464,
      15.254335387452347,
      14.299299125463628,
      14.200379227900484,
      14.357113420880427,
      14.87845904353141,
      14.735226129814546,
      15.424023726669116,
      15.533694552819792,
      17.0809150731302,
      16.73009033730366,
      16.60987871219831,
      18.134225085131174,
      17.231877788834197,
      17.360941787290034,
      17.99333745504955,
      20.842547597281392,
      20.602666700748014
    ],
    "PPO_AllObs_Learned": [
      9.381455461925212,
      8.864178144444558,
      8.760684894215856,
      7.453588946031255,
      7.507912205785461,
      7.891372294229171,
      8.14363543205553,
      8.232385969759259,
      8.037041920282956,
      8.832987275868064,
      8.010208182369727,
      8.4901770498871,
      7.8749370481223,
      9.085048070293672,
      8.485400685385255,
      8.238905402992895,
      8.220682288980662,
      8.39971054290324,
      8.277437830041965
    ],
    "PPO_BAFS_Random": [
      1.19030675409697,
      1.1610873803736639,
      1.1857553772082443,
      1.4105641301311387,
      1.076979623666954,
      1.1668048347223843,
      1.0827883487606502,
      1.148556820604725,
      1.2297830209014078,
      1.103937260582974,
      1.1420193943886643,
      1.2018088075496984,
      1.1636450208767246,
      1.1370019657835362,
      1.29769467643249,
      1.0099807071591491,
      1.1916124109355233,
      1.0953059824312796,
      1.158437326911659
    ],
    "PPO_BAFS_Learned": [
      11.450110182121914,
      12.329608845613675,
      17.849494216372506,
      18.086543554967506,
      17.53516964230995,
      17.874650436925208,
      19.79183710019117,
      20.137698004631424,
      20.504537157707574,
      19.078046681823338,
      22.143873069796808,
      18.90864908405902,
      19.376220357459744,
      21.019133075609666,
      23.091849186510473,
      24.503754633832564,
      25.213842673021468,
      23.999836245129096,
      27.338074566373585
    ],
    "PPOLag_BAFS_Learned_Budget50pct": [
      4.077865393090191,
      8.667290127616111,
      8.326475899124189,
      8.813357129840103,
      12.695873127358473,
      14.591606707999546,
      15.892514820590936,
      16.358639154769453,
      17.00388251526635,
      16.027686803831138,
      19.7242790829846,
      18.054333332436112,
      18.747127842746842,
      20.960225857375605,
      22.468881584282492,
      23.70649540503796,
      25.976341183813588,
      25.688762006067087,
      25.818536085052436
    ],
    "PPOLag_BAFS_Learned_Budget80pct": [
      11.738802134607173,
      14.024885912157828,
      16.21599968036172,
      15.742735419660335,
      15.743397442170352,
      17.629946312090308,
      16.1716980609038,
      18.79959483258366,
      18.531103372755613,
      19.290695100727298,
      18.41839277893692,
      22.082974937373667,
      22.691511474684567,
      23.398197289113153,
      23.729386277565617,
      23.535488791157906,
      25.64166904678291,
      25.973359683631998,
      25.355069733964946
    ]
  },
  "interval_estimates": {
    "CPPOPID_BAFS_Learned_Budget50pct": [
      [
        0.903857726917197,
        0.9770093535726886
      ],
      [
        0.9818694942208372,
        9.871001026711026
      ],
      [
        2.6272832005252567,
        21.133727848973397
      ],
      [
        2.2983317887831056,
        17.48503170266465
      ],
      [
        5.006505699263862,
        18.330315572016442
      ],
      [
        5.641693641197589,
        18.28921622380736
      ],
      [
        7.362190621048455,
        19.10533790968827
      ],
      [
        7.804797438256874,
        18.45323815413253
      ],
      [
        8.066625493481867,
        19.73700921010706
      ],
      [
        7.7497603858390764,
        20.522740549834758
      ],
      [
        8.970873723847859,
        23.60225244082783
      ],
      [
        8.632020091422056,
        21.207987605123588
      ],
      [
        9.62381262977981,
        23.843734476960634
      ],
      [
        11.63342477659443,
        23.3504209361381
      ],
      [
        12.20505490300431,
        22.64610366451383
      ],
      [
        14.964677799906026,
        26.440588224653055
      ],
      [
        16.121581787356355,
        28.49505400441724
      ],
      [
        14.74930995590311,
        28.44691076578977
      ],
      [
        16.431335324971236,
        32.826921796623864
      ]
    ],
    "CPPOPID_BAFS_Learned_Budget80pct": [
      [
        9.124112268385339,
        11.576693392319553
      ],
      [
        9.399167912095491,
        15.94090158527652
      ],
      [
        10.702384110708389,
        20.77297299865687
      ],
      [
        9.578846666665111,
        19.24599539852531
      ],
      [
        9.622129746765266,
        19.300292095711047
      ],
      [
        9.689801656624704,
        20.0294459826376
      ],
      [
        9.88433578754123,
        20.071174597476173
      ],
      [
        9.582154153406172,
        21.199133876658102
      ],
      [
        10.319940490821644,
        20.53955673910719
      ],
      [
        10.566251327583512,
        20.905408426406826
      ],
      [
        12.233672112489316,
        22.316500165273908
      ],
      [
        11.652786356483182,
        21.769631967873117
      ],
      [
        12.827403587933722,
        20.355357784257897
      ],
      [
        12.924699873661652,
        23.06687901500041
      ],
      [
        12.504431579933367,
        22.468905739836593
      ],
      [
        12.572759633950698,
        22.797042892735448
      ],
      [
        12.0587195021948,
        24.31390223664851
      ],
      [
        15.159959874677009,
        27.54259271744713
      ],
      [
        16.085882125870647,
        25.90742875624268
      ]
    ],
    "PPO_AllObs_Learned": [
      [
        6.370639472428517,
        12.79087314109038
      ],
      [
        6.098247718499881,
        12.181612277607208
      ],
      [
        5.5591683014393,
        11.740876962585789
      ],
      [
        4.994887002776914,
        10.835924846126693
      ],
      [
        5.432996833357405,
        11.13413234535115
      ],
      [
        5.235776678600831,
        11.139810568461938
      ],
      [
        5.746182712361155,
        11.79213592899532
      ],
      [
        6.008158829534894,
        12.150164812417398
      ],
      [
        5.939487687944885,
        11.198261023050316
      ],
      [
        5.869531701578973,
        11.77165961800714
      ],
      [
        5.20224697332872,
        12.429728801091672
      ],
      [
        5.354096569695493,
        13.945339705117323
      ],
      [
        5.016108867693019,
        12.530746669143232
      ],
      [
        5.939314659566074,
        13.578337561713804
      ],
      [
        5.176092814116492,
        13.399275922400731
      ],
      [
        4.942293585970515,
        13.078367631749247
      ],
      [
        5.276414069332105,
        12.440029513076674
      ],
      [
        4.7804452018088055,
        13.416072241950465
      ],
      [
        5.241756623384684,
        12.508604909273158
      ]
    ],