{
  "budget-aware-Door_SelectedObs_BudgetNone_1000_steps": {
    "PPO_(sensor_used_mean)_(sensor_used_std)": [
      [
        [
          0.6800000071525574,
          0.20000000298023224,
          0.9600000381469727
        ],
        [
          0.27129319310188293,
          0.2529822289943695,
          0.07999999821186066
        ]
      ],
      [
        [
          0.6800000071525574,
          0.8399999737739563,
          1.0,
          0.20000000298023224
        ],
        [
          0.1599999964237213,
          0.233238086104393,
          0.0,
          0.2529822289943695
        ]
      ],
      [
        [
          0.5200000405311584,
          0.8799999356269836,
          1.0,
          0.3199999928474426
        ],
        [
          0.2993325889110565,
          0.15999998152256012,
          0.0,
          0.24000000953674316
        ]
      ]
    ],
    "PPO_cost": [
      9.2,
      13.6,
      13.6
    ],
    "PPO_reward": [
      0.009218507772311568,
      0.008940058026928455,
      0.009536929265595972
    ]
  },
  "budget-aware-Lift_AllObs_BudgetNone_1000_steps": {
    "PPO_(sensor_used_mean)_(sensor_used_std)": [
      [
        [
          1.0,
          1.0,
          1.0
        ],
        [
          0.0,
          0.0,
          0.0
        ]
      ],
      [
        [
          1.0,
          1.0,
          1.0
        ],
        [
          0.0,
          0.0,
          0.0
        ]
      ]
    ],
    "PPO_cost": [
      15.0,
      15.0
    ],
    "PPO_reward": [
      0.04872820358723402,
      0.05003189966082573
    ]
  },
  "budget-aware-Lift_SelectedObs_BudgetNone_1000_steps": {
    "PPO_(sensor_used_mean)_(sensor_used_std)": [
      [
        [
          0.48000001907348633,
          0.5200000405311584,
          0.7200000286102295
        ],
        [
          0.3709447383880615,
          0.1600000113248825,
          0.20396077632904053
        ]
      ],
      [
        [
          0.4000000059604645,
          0.9600000381469727,
          0.8799999356269836
        ],
        [
          0.21908903121948242,
          0.07999999821186066,
          0.1599999964237213
        ]
      ]
    ],
    "PPO_cost": [
      8.6,
      11.2
    ],
    "PPO_reward": [
      0.050457672122865914,
      0.045263612270355226
    ]
  },
  "budget-aware-highway-fast-v0_SelectedObs_BudgetNone_1000_steps": {
    "PPO_(sensor_used_mean)_(sensor_used_std)": [
      [
        [
          1.0,
          0.5247619152069092,
          0.7933333516120911,
          0.4923810064792633
        ],
        [
          0.0,
          0.21449513733386993,
          0.17178797721862793,
          0.1485714316368103
        ]
      ]
    ],
    "PPO_cost": [
      18.2
    ],
    "PPO_reward": [
      5.275576643645763
    ]
  }
}